Rank,TeamId,TeamName,LastSubmissionDate,Score,SubmissionCount,TeamMemberUserNames
1,16690395,lhwylp,"2026-08-08 10:30:03",1.00000,5,lhwylp
2,5216400,"Sankalp Thakur","2026-09-03 19:00:33",1.00000,15,sankalpsthakur
3,16711628,"Kiah Vaidya","2026-09-11 17:27:38",1.00000,1,kiahvaidya
4,16968422,yyyyyxingggg,"2026-09-26 17:30:18",1.00000,2,yyyyyxingggg
5,16880049,"Javier Hernáez","2026-09-30 17:11:09",1.00000,3,javierhernaez
6,16668911,"ahbab zahin","2026-08-05 17:45:17",0.99785,3,ahbabzahin
7,16695871,"Dinis Akulov","2026-08-09 12:47:16",0.99785,1,dinisakulov
8,16656914,OMKARSHINDE122,"2026-09-08 04:18:58",0.99785,2,omkarshinde122
9,16729382,qingchou,"2026-09-15 14:00:26",0.85412,3,qingchou
10,16848584,yezekai,"2026-09-07 14:43:05",0.85105,2,yezekai
11,5186727,falsenine,"2026-09-21 13:06:21",0.85013,19,koheishima
12,16761315,"Sangam Gautam","2026-09-06 15:00:48",0.84952,5,sangam21
13,16796135,woldy,"2026-08-31 14:38:23",0.84768,5,woldywei
14,16690759,"Yusuke Hayashi","2026-08-10 14:07:17",0.84737,4,yhay81
15,16965648,AI6102-MLHAR,"2026-09-28 12:35:38",0.84737,1,"anmolgomra,harishankarvs,rishabh48"
16,9202708,"Abhay Rajbhar","2026-09-15 08:36:47",0.84676,1,abhayrajbhar
17,16943010,"Aser Mohamed Ahmed","2026-09-26 20:11:51",0.84646,2,asermohamedahmed
18,16551679,永远喜欢薇尔莉特·伊芙加登,"2026-08-10 07:18:24",0.84615,9,zqx960151285
19,16781227,"Andrew Leal70","2026-08-28 04:47:16",0.84615,7,andrewleal70
20,15398955,"Ishaan Chaturved1","2026-09-15 03:42:52",0.84615,2,ishaanchaturved1
21,16790505,"Ali Fathi","2026-08-29 15:26:18",0.84584,3,dotali11
22,16811956,"Dylan Yan","2026-09-03 10:55:45",0.84584,3,jiatyan
23,16993425,OptAI,"2026-09-30 20:19:32",0.84584,3,opticalai
24,15702724,"Victor Berlisconi","2026-09-13 08:10:54",0.84523,9,victorberlisconi
25,16962289,"Yusuf Eren","2026-09-27 12:05:38",0.84523,9,yusuferens
26,16695865,Pand,"2026-08-12 06:36:58",0.84492,8,pand999
27,16753612,"Nhất Phạm","2026-08-22 06:26:05",0.84431,9,nhaterik
28,16664874,DSC,"2026-08-25 14:16:23",0.84431,2,"rizalnurochman,yesicann"
29,16773103,一之濑亚子,"2026-08-26 08:27:35",0.84431,3,iznyaku
30,16772137,"Jiefu Zhou","2026-08-26 19:20:20",0.84431,5,jiefuzhou121
31,16916981,"Rashid Khazeiynasab","2026-09-18 01:32:18",0.84400,3,rashidel1988
32,16607970,lokesh8275511,"2026-09-21 18:15:20",0.84370,1,lokesh8275511
33,16617459,"jifa zhang","2026-08-17 02:05:46",0.84339,25,jifazhang
34,16748646,"Adar Cohen","2026-08-20 20:54:50",0.84339,1,adarcohen
35,16777126,"Jiefu Zhou196","2026-08-26 19:42:27",0.84339,1,jiefuzhou196
36,16856879,"Hamza Enes Eryetli","2026-09-10 02:30:28",0.84339,4,hamzaeneseryetli
37,17027313,"Sayantan Das","2026-10-03 17:27:28",0.84339,1,sayantandas30011998
38,16464366,"Denis Merdyashov","2026-08-20 12:36:38",0.84308,8,denismerdyashov
39,16743638,Peter_Pei,"2026-08-21 15:52:30",0.84308,8,peterpei123
40,16777532,daguniang,"2026-08-27 08:38:51",0.84308,4,daguniang
41,16811604,sykang98,"2026-09-14 07:43:05",0.84308,8,sykang98
42,16985571,"Siavash Behnia","2026-10-02 09:35:39",0.84308,4,siavashbehnia
43,15248058,"Suman Kumar Gangopadhyay","2026-09-11 05:58:03",0.84278,6,sumaniitm
44,16884301,DancingLumberjack,"2026-09-15 13:26:35",0.84247,4,jamesmcgarryiv
45,16760388,"Sean Connolly","2026-08-27 03:51:12",0.84216,6,seanconnolly
46,16779028,"SYED MOHAMMAD ADIB MAHBUB","2026-08-28 07:04:37",0.84216,3,mahbub0
47,16915342,"Stefan van der Leeden","2026-09-17 15:08:20",0.84216,1,stefanvanderleeden
48,16930314,"Peter Grif","2026-09-24 09:16:50",0.84216,9,petergrif7
49,16607389,"ATHARVA NAIK","2026-09-28 14:14:20",0.84216,20,atharvanaik
50,16793347,SaTr0V,"2026-08-31 12:08:08",0.84186,9,alexanderpet
51,16699154,encredbile,"2026-08-10 06:41:14",0.84155,2,encredbile
52,10995281,"Hooman Shahidi","2026-08-22 21:31:50",0.84125,3,"faranfahandezh,hoomanshahidi"
53,16807086,Invaders,"2026-09-02 08:18:03",0.84094,1,"aranyalol,ayushjare,lubdha2109"
54,16794063,"Riadh Hossain","2026-09-12 06:57:11",0.84094,4,riadhhossain
55,16707773,"Nandini Yedelli #2","2026-09-12 07:10:03",0.84063,11,nandiniyedelli
56,16700429,"changfeng li777","2026-08-10 13:48:00",0.84033,4,changfengli777
57,16740860,"Thanakit Thanasuwanditee","2026-08-25 08:11:46",0.84033,3,thanakitcmkl
58,16925573,"Nguyễn Cường","2026-09-19 13:46:55",0.84033,2,nguyncngo
59,16808264,"Kenan Zhang9","2026-09-02 13:07:46",0.84002,4,kenanzhang9
60,16741367,"Putsala Harsha Priya","2026-08-19 10:53:11",0.83971,4,putsalaharshapriya
61,16757121,chainliu33,"2026-09-03 11:16:53",0.83971,5,chainliu33
62,16885267,KunyinSun01,"2026-09-14 12:03:34",0.83971,1,kunyinsun01
63,16924648,"Pongpol Pt","2026-09-21 10:25:59",0.83971,6,pongpolpt
64,16701625,"rui ter1","2026-08-10 15:05:07",0.83941,1,ruiter1
65,16794237,"Azzam AL-Fayzy","2026-08-30 21:24:12",0.83941,1,azzamalfayzyz2
66,16679866,"Viết Sáng","2026-08-07 12:22:46",0.83849,3,vitsng
67,16743933,"NILOY HASAN NAHID","2026-08-19 18:45:34",0.83849,1,niloy1hasan
68,16782438,"Ryan Gomes","2026-09-05 05:49:47",0.83849,5,devryann
69,15354652,"Ruslan Leushkin","2026-08-26 15:19:35",0.83818,5,osvaldspengler
70,15828606,PaulStoi,"2026-09-18 02:19:08",0.83818,1,paulstoi
71,16697853,kay.liechtenstein,"2026-08-10 15:54:14",0.83787,6,kayliechtenstein
72,16740829,"Sippapas Pronanunt","2026-08-20 13:07:42",0.83787,2,sippapaspronanunt
73,16621607,Yogaazhaki,"2026-08-07 06:45:25",0.83757,1,yogaazhaki
74,16735540,"Morozov Fyodor","2026-08-24 07:40:06",0.83726,1,princewa1000enemies
75,16765549,NhatHuy,"2026-10-04 13:21:10",0.83726,25,theoverz
76,16639711,BUPY,"2026-08-07 03:18:38",0.83695,1,buptmissz
77,15821247,Adam12399,"2026-09-01 00:33:31",0.83695,22,adam12399
78,16741088,"GOLAM RABBANI NAYEM ","2026-08-19 09:07:35",0.83665,1,golamrabbaninayem
79,16784536,"Nguyễn Việt Bách","2026-08-30 09:52:21",0.83665,2,leonkroos2326
80,16880317,asterask,"2026-09-28 06:20:52",0.83665,3,cherrycokecero
81,17016856,Viacheslav,"2026-10-03 17:36:09",0.83665,1,xamelllion
82,16846833,nick.ai007,"2026-09-07 08:51:29",0.83634,4,nickai007
83,16771199,"Yassine Ramla","2026-08-31 16:52:24",0.83604,22,yassineramla
84,16118443,"Serge Ivanovic","2026-10-01 00:45:00",0.83604,6,sergeivanovic
85,16694638,"Fatma Yıldız","2026-08-10 07:00:47",0.83573,7,ftmyldz03
86,16763702,BWhite_ML,"2026-08-24 00:55:36",0.83573,2,greenfieldops
87,16888872,Isaiah,"2026-09-18 22:39:16",0.83573,1,isaiah8
88,16968773,"Айдар Рахматуллин","2026-09-28 08:45:47",0.83573,3,aidar2007
89,16743897,Fahad509,"2026-08-19 17:22:45",0.83542,1,fahad509
90,16741621,Tanzim-322,"2026-08-19 17:58:27",0.83542,3,thomasshelby789
91,16744241,"ZAKI ASIF ","2026-08-19 18:24:35",0.83542,2,zakiasif
92,16989234,pcqqqqq,"2026-09-30 08:45:23",0.83542,1,pcqqqqq
93,16703822,"kenzy ashraf","2026-08-14 02:19:04",0.83512,1,kenzyashraf
94,16762772,Hollyz,"2026-08-26 17:34:49",0.83512,2,abikoshissa
95,16790434,"Furkan CAT","2026-08-29 15:13:07",0.83512,2,furkancat
96,16071433,Giggle_gang,"2026-09-22 17:07:07",0.83512,1,"madhuramgarg,rutukubasad,shreeyamahale"
97,16664499,RafaelPrado7,"2026-08-06 22:16:14",0.83481,1,rafaelprado7
98,16685448,"Akash S #2","2026-08-07 15:15:32",0.83481,1,akashs137
99,16927808,SongJH21,"2026-09-20 16:24:39",0.83481,2,songjh21
100,16740819,"Phasin Noomkan","2026-09-10 07:10:00",0.83450,4,phasinnoomkan
101,16743635,daiki,"2026-09-01 16:37:14",0.83450,11,wmymhm
102,16889880,zhangsan99,"2026-09-15 08:37:09",0.83450,8,zahngsan99
103,16924379,Juntaro,"2026-09-19 11:02:49",0.83450,5,kitkatbar0429
104,16950082,"Muhammad Ilman","2026-09-25 21:08:20",0.83450,4,muhammadilman896
105,16961696,mseokq,"2026-09-27 09:37:15",0.83450,9,mseokq
106,16728296,Andrés,"2026-08-16 14:28:05",0.83420,5,anvega99
107,16652428,"Mohamed Elnahhas","2026-08-12 10:28:01",0.83389,1,mohamedelnahhas
108,15528732,"Ota Kensuke","2026-08-17 02:20:21",0.83389,4,otakensuke
109,16742200,"Angela Saade","2026-08-26 09:34:05",0.83389,10,angelaas
110,16976938,"Shoko SH","2026-09-29 08:09:38",0.83389,4,shokos64
111,16576154,"Joshua Hargreaves","2026-08-14 18:04:42",0.83358,2,joshuahargreaves
112,12664847,"André Luiz Pedroso","2026-09-10 19:01:28",0.83358,1,andreluizpedroso
113,16907560,"Trí Minh","2026-09-20 16:00:25",0.83358,8,trminh2kk7
114,16699641,ますいち,"2026-08-10 09:16:37",0.83328,2,ikkimasuta
115,16736637,_pain37,"2026-08-19 17:12:26",0.83328,3,pain37
116,16892223,tvannn16,"2026-09-14 17:06:04",0.83328,3,tvannn16
117,16706700,"Chaitanya Jamble","2026-08-11 12:03:24",0.83266,2,chaitanyajamble
118,16880481,"Muhammad Ahmed Yasir","2026-09-14 17:19:51",0.83266,3,muhammadahmedyasir
119,16890435,"Tony He #2","2026-09-24 05:37:12",0.83266,8,tonyyang0504
120,16690732,"Samar Saleh","2026-08-09 12:58:30",0.83236,1,samarsaleh20
121,16733565,"Kacper Bor","2026-08-19 17:47:51",0.83236,1,kacperbor
122,4535930,"Anton Kostin","2026-08-25 18:04:08",0.83236,2,visualcomments
123,16707811,Jarvis7758,"2026-08-11 14:18:43",0.83174,1,jarvis7758
124,16716883,pavelvikhanov,"2026-08-14 04:27:30",0.83174,2,pavelvikhanov
125,16741558,ZiYiMing,"2026-08-19 07:49:39",0.83174,3,ziyiming
126,16846447,"Rudra Sharma","2026-09-07 16:42:41",0.83174,1,rs7777akm
127,16761222,"H Varun","2026-08-23 08:45:26",0.83144,2,varun4262
128,16683020,rrah,"2026-08-31 02:02:03",0.83144,9,muhathir15
129,16731644,syedalsan01,"2026-08-20 07:20:43",0.83113,1,syedalsan01
130,16931577,"NGUYỄN ĐỨC MINH TRÍ","2026-09-20 17:01:45",0.83113,5,nguyncminhtrs
131,16925622,亦漫漫漫,"2026-09-21 03:47:49",0.83113,2,yimanmanman
132,16767320,@mldsdev,"2026-09-02 14:26:52",0.83083,2,lan1mel
133,16701058,"Herr Zu","2026-09-10 00:26:07",0.83083,4,herrzu
134,16461595,"Busya PRIME","2026-09-20 14:33:28",0.83083,2,busyaprime
135,16811814,"xin peng","2026-09-06 09:35:05",0.83052,3,jackpppx
136,16918402,Kaustav0987,"2026-09-18 09:01:42",0.83052,2,kaustav0987
137,17029074,"dajun666 #2","2026-10-04 05:32:21",0.83021,1,iamdajun666
138,14320209,epiktetos,"2026-08-11 07:08:44",0.82991,1,epiktetos
139,16905759,karankumar-0703,"2026-09-22 17:00:19",0.82991,3,karankumar0703
140,16755889,"Olly Eatough","2026-08-22 12:19:09",0.82960,1,ollyeatough
141,16644044,"Ben Guevel","2026-08-07 18:21:00",0.82929,3,benguevel
142,16677874,deepfuckingman,"2026-08-08 17:15:58",0.82929,2,deepfuckingman
143,16715292,ZhangBowen1005,"2026-08-13 09:29:06",0.82929,2,zhangbowen1005
144,16752304,KriMan,"2026-08-21 17:29:54",0.82929,2,krittikabisht
145,16977596,Han22nah,"2026-09-29 04:56:53",0.82929,1,han22nah
146,16758348,"Ali Oktay BOBUŞ","2026-08-29 21:22:28",0.82837,1,alioktaybobu
147,16765519,"Vedika Karande","2026-09-16 09:18:41",0.82837,4,vedikakarande
148,16924549,"Vansh Gupta #3","2026-09-19 22:12:37",0.82837,1,vanshgupta1810
149,16662944,polaroytov,"2026-08-07 13:29:23",0.82807,1,polaroytov
150,16740393,Kityui,"2026-08-25 07:59:38",0.82745,5,kityui
151,16990994,"Kaushik #3","2026-10-03 12:13:57",0.82745,3,kaushikgbhargav
152,16682220,"Maxime Skryma","2026-08-12 11:49:08",0.82715,11,maximeskryma
153,17014854,xxluo13,"2026-10-01 15:50:21",0.82715,1,xxluo13
154,16680963,"Ninh Bùi","2026-08-07 11:07:11",0.82684,4,btninh
155,16842475,VaishnxviUchiha_,"2026-09-07 18:11:10",0.82653,2,vaishnxviuchiha
156,16403374,Hc_010101,"2026-09-30 15:44:31",0.82592,1,hc010101
157,16729908,"Ahmed Jendoubi, Ph.D.","2026-08-19 13:09:47",0.82562,2,jendoubiahmed
158,16783838,"na star","2026-09-29 13:23:15",0.82562,11,nastar399
159,16742150,"SAD IBNE MUSA NABIL 2233081006","2026-08-19 11:16:04",0.82531,1,musa1133
160,16734673,Rajmsds420,"2026-08-26 08:31:25",0.82531,1,rajmsds420
161,16766319,"Kiarash Saeidi","2026-08-28 17:25:01",0.82531,1,kiarashsaeidi
162,16947726,"Marfal _","2026-09-23 13:30:39",0.82500,1,marfal
163,16896736,"Quang Viet","2026-09-16 17:52:28",0.82439,2,quangvietdz
164,16748698,mcy331,"2026-08-21 06:13:13",0.82408,1,mcy331
165,16882155,"Khalil Ghanem","2026-09-19 10:22:26",0.82408,2,khalilghanem
166,16931460,Sohanjadyal,"2026-09-20 18:26:57",0.82347,1,sohanjadyal
167,16716216,JonasRando,"2026-09-23 12:34:38",0.82316,2,jonasrando
168,16770680,"Otchym Grazny","2026-08-27 15:24:34",0.82255,1,otchymgrazny
169,16864033,"Tachikul Islam","2026-09-24 15:40:10",0.82133,1,tachikul
170,12284620,aditya117b,"2026-09-11 18:24:30",0.81979,2,aditya117b
171,16764916,"Srividya Ramasubramanian","2026-08-24 08:42:25",0.81949,5,srividyarams
172,16558233,"Ramesh Choudhary","2026-08-05 17:03:05",0.81857,1,rameshseervi
173,17013417,"Álvaro Dueñas González","2026-10-02 10:16:19",0.81857,1,varo610
174,16715540,"Lê Tuấn Dương","2026-08-13 15:31:38",0.81795,1,leetundng
175,16931624,Tridz3311@@,"2026-09-20 17:07:52",0.81795,2,tridz3311
176,16716018,"Vinay Rai","2026-08-20 07:43:34",0.81734,4,vinay24baghira
177,16611687,JsonJ__,"2026-08-11 09:11:23",0.81703,8,electrolysis
178,16939493,YeCan233,"2026-09-22 08:23:36",0.81703,1,yecan233
179,16696092,"Тарас Моторин","2026-08-21 19:58:48",0.81642,2,tarasmotorin
180,16772431,AyushGenghis,"2026-08-25 22:20:46",0.81581,2,ayushgenghis
181,16960164,"kiyarash the shas","2026-09-26 09:06:35",0.81581,1,kiyarashtheshas
182,16652187,"Yogesh Jadhav","2026-08-28 14:40:54",0.81550,52,dynamo14324
183,17022295,"Gurgen Bayburdyan","2026-10-02 20:13:06",0.81305,1,gurgenbayburdyan
184,16607842,"Aboli Kailas Shinde","2026-09-02 02:16:10",0.81182,2,"aaryadesai23,abolikailasshinde,anushkajaras13"
185,16743238,"saimong marma","2026-08-19 15:03:46",0.81152,1,saimongmarma
186,16912923,"Arvin Asli","2026-09-18 18:27:41",0.81152,3,arvinasli
187,16946358,Karam,"2026-09-23 09:21:57",0.81152,2,karam2025
188,16955782,"Parth Maniar","2026-09-24 18:23:15",0.81121,1,theteacoder
189,15287915,"Qixin Xu","2026-09-01 23:21:12",0.81091,42,qixinxu
190,4170490,jazivxt,"2026-09-27 07:01:03",0.81060,1,jazivxt
191,17010932,Victory2333,"2026-10-04 11:46:54",0.81029,14,victory2333
192,16697539,"Divjot S Multani","2026-08-10 06:31:03",0.80937,2,divjotsmultani
193,7918149,"Jessic Cecil Akushey","2026-08-31 13:40:17",0.80907,1,jaykusheu
194,7881377,teddyoweh,"2026-08-12 09:52:52",0.80876,1,teddyoweh
195,16771459,"Ajay Raman11","2026-08-25 16:30:31",0.80815,2,ajayraman11
196,16743465,niloy219,"2026-08-19 15:02:38",0.80784,1,niloy219
197,16741902,"Ariful Islam1589","2026-08-19 18:15:29",0.80784,1,arifulislam1589
198,16926672,alokkumar003,"2026-09-20 16:02:46",0.80784,1,alokkumar003
0,4157563,"AutoML Benchmark","2019-12-20 18:44:00",0.80753,1,
199,16703439,"Dinesh Sathunuri","2026-08-12 03:56:17",0.80753,1,dineshsathunuri007
200,17014975,"HS Hasan","2026-10-01 16:27:13",0.80753,2,hshasan
201,16685064,"Supriya Kusuma","2026-08-07 15:10:03",0.80723,3,supriyakusuma09
202,15009310,"jason vetter","2026-08-25 06:44:12",0.80723,1,jasonvetter
203,16697268,"P.Lakshmi Sainath Reddy","2026-08-10 16:02:09",0.80692,1,plakshmisainathreddy
204,16855146,"Bhargav Podapati","2026-09-08 16:00:06",0.80692,1,bhargavpodapati
205,16898534,"Vimal Sahani","2026-09-21 06:19:50",0.80692,2,nvimalcbn05
206,16724835,kirill_davidovskiy,"2026-08-16 14:09:41",0.80631,6,kirilldavidovskiy67
207,16741663,"G.M Khalid Bin Faruk","2026-08-19 07:58:33",0.80631,1,gmkhalidbinfaruk
208,16939795,"Mohammed Sufiyan","2026-09-22 07:25:03",0.80600,2,mohammedsufiyanv
209,16607911,"Jagruti Thotam","2026-08-18 04:07:31",0.80570,2,jagrutithotam
210,16840361,muew-dev,"2026-09-05 18:35:53",0.80570,2,muewdev
211,16733725,"Grace Burns","2026-08-18 02:42:58",0.80539,1,annagraceb
212,16743022,"shahriar muttakin","2026-08-19 12:56:15",0.80539,2,shahriarmuttakin
213,16743707,"Marjuka Ripa","2026-08-19 19:43:36",0.80539,1,marjukaripa
214,16745014,"Adrien Thomas","2026-09-21 19:28:10",0.80539,5,adrienthomas
215,16745774,"MASUD RANA 2233081534","2026-08-20 03:53:02",0.80539,1,masudrana2233081534
216,16738438,"Abhijith Nusam Nu","2026-08-22 06:33:56",0.80539,4,abhijithnusamnu
217,16856627,Mo_Elmo,"2026-09-29 23:17:36",0.80539,8,mohammedelmezoghi
218,16711743,"Maitry Mohite","2026-09-23 08:53:19",0.80508,1,maitrymohite
219,16808173,"Tanvi Yerram","2026-09-30 08:45:35",0.80508,1,tanviyerram
220,16919181,"Zugaj Productions","2026-09-23 12:23:45",0.80478,2,zugajproductions
221,16983801,"Khanh Trong Hoang","2026-09-29 16:25:19",0.80478,3,khanhtronghoang
222,16696531,Vaishnavi22052006,"2026-08-09 14:42:32",0.80416,1,vaishnavi22052006
223,16878847,nilab.llc,"2026-09-12 03:41:27",0.80416,1,nilabllc
224,16741123,"Kanish Fatema ","2026-08-19 13:28:31",0.80386,1,kanishfatema
225,16744277,"ANTOREEP Bayzid","2026-08-19 18:22:56",0.80386,3,antoreepbayzid
226,16745651,"RATON JOYDHAR 2233081323","2026-08-20 03:35:34",0.80386,1,rjratron
227,16966540,zzhTher,"2026-10-02 20:39:21",0.80386,2,zzhther
228,16793289,"Sadam Alvi","2026-09-18 16:44:43",0.80324,4,sadamalvi
229,16745564,"MD. ABDULLAH AL ASIF ","2026-08-20 03:17:31",0.80294,1,mdabdullahalasif
230,16775685,"Neo Brakus","2026-09-04 22:41:37",0.80294,13,neobrakus
231,16838924,"Atharva Rajesh Gosavi","2026-09-05 08:01:46",0.80263,1,atharvagosavi2005
232,16807243,"Rolex Patil","2026-09-23 04:13:32",0.80263,1,rolexpatil
233,16951750,"Bo Doi Hoc AI","2026-09-30 09:24:04",0.80263,7,bodoihocai
234,16977305,"chirag parekh","2026-09-28 08:54:12",0.80263,1,chiragparekh1
235,16840288,"Khôi Huỳnh Tấn Nguyên","2026-09-06 11:17:18",0.80232,1,khihunhtnnguyn
236,16853963,ommo007,"2026-09-08 10:33:42",0.80232,1,ommo0047
237,16855345,Parthboke1089,"2026-09-08 17:23:18",0.80232,1,parthboke1089
238,16807215,"Mandar Patil","2026-09-08 20:26:07",0.80232,1,mandarpatil885
239,16972595,Ralkaroid,"2026-09-27 13:36:57",0.80232,2,ralkaroid
240,16698478,"Zihao Zhang","2026-08-10 03:11:11",0.80171,2,zhangweiming1898
241,16726444,"P N Megarajan","2026-08-15 20:22:12",0.80171,1,megarajanpn
242,16743092,"Md Riad Hasan","2026-08-19 13:40:52",0.80171,2,mrhscript
243,16743305,"Lutfun Nahar Barsha","2026-08-19 13:54:24",0.80171,1,lutfunnaharbarsha
244,16743948,"MD. MAHMUDUL HASSAN 2233081348","2026-08-19 16:42:21",0.80140,1,mahmudulh02
245,16757096,"Shwetha Shenoy-Kamath","2026-08-23 03:35:03",0.80140,2,shwethashenoykamath
246,17019286,zhuyu916,"2026-10-02 09:51:01",0.80140,1,zhuyu916
247,17030931,nsrn114,"2026-10-04 12:42:53",0.80140,1,nsrn114
248,16701448,"tran tuan kiet","2026-08-11 02:45:49",0.80110,2,trantuankiet3142
249,16743763,"Tamanna Akter Sweety","2026-08-19 18:48:30",0.80110,1,tamannaaktersweety
250,16745634,"EMON AHMED NOYON 2233081574","2026-08-20 04:00:56",0.80110,1,emonahmed2233081574
251,16771613,Prasana,"2026-08-26 12:18:41",0.80110,4,rprasana
252,16866768,"rutvik mehta1","2026-09-12 02:42:58",0.80110,1,rutvikmehta1
253,10731125," TAWFEEQ6719 ","2026-09-30 07:56:23",0.80110,1,tawfeeq6719
254,16744888,Maksik,"2026-08-31 06:09:25",0.80079,5,vompyz
255,16781374,"Marco Carbajal","2026-09-09 02:11:32",0.80079,1,marcocarbajal
256,16970158,spcool786_1,"2026-09-27 05:40:25",0.80079,2,spcool7861
257,16774908,"Rc Sinay","2026-08-26 12:08:36",0.80049,5,rcsinay
258,16807315,MSD2k20,"2026-09-08 16:04:10",0.80049,1,msd2k20
259,16669437,Gladys,"2026-08-19 16:01:36",0.80018,12,gladyssergio
260,16711240,lyndenloz5,"2026-08-12 07:46:19",0.80018,1,lyndenloz5
261,16744286,MHSiam45,"2026-08-19 19:05:43",0.80018,1,mhsiam45
262,16761247,tkodavur,"2026-08-23 08:52:07",0.80018,3,tkodavur
263,16850648,"MD. JUWEL KORTA 2233081343","2026-09-07 21:21:24",0.80018,1,juwelkorta2233
264,16907276,"Saqr Ameen","2026-09-16 15:31:43",0.80018,1,saqrameen
265,16974005,"Adem Şimşek","2026-09-27 18:50:25",0.80018,1,ademimek
266,16680826,R.TocoToucan,"2026-08-07 04:36:45",0.79987,1,rtocotoucan
267,16739776,"DIPTA BARMAN UU","2026-08-19 11:43:07",0.79987,1,diptabarmanuu
268,16848900,"MD. ROMAN DEWAN 2233081317","2026-09-07 17:43:22",0.79987,1,roman1815
269,16848650,Leli8215,"2026-09-09 11:50:36",0.79957,3,leli8215
270,16745649,"SUMIT ACHERJO","2026-08-20 03:30:52",0.79926,1,sumitacherjo
271,16770800,"Navdeep Sharma","2026-08-27 02:48:15",0.79926,3,navdeep98
272,16991376,"Amritesh Anand","2026-09-30 13:07:26",0.79926,1,amriteshananad
273,15946163,"shuaige lin","2026-10-02 13:08:50",0.79926,1,shuaigelin
274,6796474,"Haritha Sarode","2026-08-20 08:24:23",0.79895,6,harithasarode
275,16771022,"Roy Hsu","2026-08-27 07:43:47",0.79895,3,royhsu1012
276,16807124,tanvibhoye15,"2026-09-05 07:20:57",0.79865,1,tanvibhoye15
277,16908340,"Yogesh Kuchimanchi","2026-09-16 19:20:01",0.79865,1,zinnnnnnnn121212
278,16990647,xXxogan,"2026-10-04 14:23:13",0.79865,1,xxxogan
279,16738061,"JUBAYER AHMED RATUL ","2026-08-18 12:31:28",0.79803,1,jubayerahmedratul
280,16739044,"km b","2026-08-19 17:42:16",0.79803,1,kmbggggggg
281,16744262,"MOHAMMAD KOWSER MAHMUD ","2026-08-19 17:52:59",0.79803,1,mohammadkowsermahmud
282,16795720,efanzz,"2026-08-31 11:37:37",0.79803,1,efanzz
283,16614929,"CODE SMASHERS...","2026-10-04 09:56:19",0.79803,1,"reshmanthchilukuri,sujjukatakam"
284,16759040,Lakshmi_priya08082003,"2026-08-26 07:08:42",0.79773,1,lakshmipriya08082003
285,16878000,"Diego Francisco Monroy Figueroa","2026-09-11 23:39:25",0.79773,1,monroyd1611
286,16879032,idksmg,"2026-09-12 04:08:36",0.79773,1,idksmg
287,16743150,"NAZMUL ISLAM 2233081528","2026-08-19 15:24:26",0.79742,1,nazmulislam528
288,16783015,SophieDu,"2026-09-05 05:29:16",0.79742,4,sophiedu
289,16738455,"MST. TASNIM AMINA ","2026-08-18 13:54:11",0.79711,1,msttasnimamina
290,16743174,"SHIMUL KHAN ANTOR 2233081584","2026-08-19 13:50:23",0.79711,2,shimul223308
291,16744182,"Russell Hassan","2026-08-19 18:09:25",0.79711,1,russellhassan563
292,16781423,"José Donado","2026-09-12 00:11:55",0.79711,3,josdonado
293,16650947,"Abdul Basit Khan ICP","2026-08-09 05:45:44",0.79681,1,abdulbasitkhanicp
294,16703127,EllaBlackledge,"2026-08-14 22:04:33",0.79681,2,ellablac
295,16745727,"AHONAF REDOWAN HASIB ","2026-08-20 03:44:30",0.79681,1,ahonafredowanhasib
296,16905683,"Jun-ichi Kushida","2026-10-01 08:41:30",0.79681,4,junichikushida
297,16895743,kesavamas,"2026-10-02 18:06:53",0.79681,1,kesavamas
298,16741655,"Tanzina Akter Liza","2026-08-19 07:51:54",0.79650,1,tanzinaliza
299,16744686,"MD. BAYZID HASAN ","2026-08-20 03:25:41",0.79650,1,mdbayzidhasan
300,16670463,Kongali,"2026-08-05 21:49:38",0.79619,5,kongali
301,16740791,"Phurich Amornnara","2026-08-21 10:45:08",0.79619,1,phurichamornnara
302,16761308,"Adisha Farooq","2026-08-23 11:11:32",0.79619,1,adishafarooq
303,16869591,"Smati Anis","2026-09-11 13:32:49",0.79619,1,smatianis
304,16724610,"Alberto Frison","2026-08-17 06:05:39",0.79589,6,albertofrison
305,16452345,Ganesh_tbecomusles,"2026-08-16 16:34:24",0.79589,3,ganeshtbecomusles
306,16745871,AS-SHAKIB,"2026-08-20 04:23:28",0.79589,1,asshakib
307,16424340,"Miroslav Georgiev","2026-09-10 21:36:12",0.79589,4,migush
308,16712424,"Shashvat Singham","2026-08-12 13:33:44",0.79558,1,shashvatsingham
309,16676392,KhalilLi111,"2026-08-06 15:04:25",0.79528,1,khalilli111
310,16635554,"Manal Al-saeedi","2026-08-06 17:51:20",0.79528,1,manalalsaeedi
311,16795970,"Atharva Joshi21","2026-08-31 09:08:02",0.79528,1,atharvajoshi21
312,16795972,"Nikhil Patil25","2026-08-31 09:09:02",0.79528,1,nikhilpatil25
313,16781381,"Carlos Aldana Cabrera","2026-09-10 00:31:21",0.79528,1,carlosaldanacabrera
314,16695568,"Nathan VIGOUROUX","2026-08-09 15:00:48",0.79497,4,nathanvigouroux
315,16517220,"Jerry Hwa","2026-08-14 12:50:09",0.79497,1,jerryhwa
316,16745768,"SHUVO ROY 2233081376","2026-08-20 04:22:57",0.79466,1,shuvoroy2233081376
317,16734417,"Aditi Shah","2026-08-22 20:49:41",0.79466,4,aditishah424
318,16692833,"jialiang zhang31","2026-08-08 20:46:18",0.79436,1,jialiangzhang31
319,16795454,"YUMIN HAN","2026-09-09 07:29:49",0.79436,1,yuming777
320,16932360,"Ankur Agarwal","2026-09-20 21:21:21",0.79405,2,ankur98
321,16741372,"MASHEAT TAHSIN","2026-08-20 03:28:44",0.79374,1,masheattahsin
322,16811106,"Youhei Nakano","2026-09-03 02:53:51",0.79374,1,youheinakano
323,16865328,"Faizan Aidan Athaurrahman","2026-09-10 07:57:42",0.79374,2,faizanchannel
324,16712284,clashlmfak,"2026-08-14 16:30:17",0.79344,1,clashlmfak
325,16724951,"Vincent Heng","2026-08-15 10:34:29",0.79344,2,vincenthwq
326,16767296,"TianFeng Huang0812","2026-08-24 16:33:43",0.79344,1,tianfenghuang0812
327,16860737,"Tarok Halder","2026-09-09 14:21:52",0.79344,4,fjabjfabfa
328,16742709,"DARUL ISLAM 2233081316","2026-09-07 07:36:16",0.79313,2,darulislam2233081316
329,16743937,"SUMAIA AKTER 2233081495","2026-08-19 16:35:24",0.79313,1,sumaiaakter223
330,16739772,"Mehedi Hasan Baized","2026-08-19 16:35:26",0.79313,1,mehedihasanbaized
331,12559749,"Tanishq Kureel","2026-08-26 18:20:20",0.79313,1,kureeltanishq
332,16833376,abc_123,"2026-09-05 01:18:06",0.79313,1,abc12er3
333,16775157,Thameem,"2026-08-26 17:59:34",0.79282,3,thameemsh
334,16777712,"Anish Vikram Varma","2026-08-27 03:00:21",0.79252,1,anishvikramvarma
335,16742742,"Sadia Jannah","2026-08-19 12:44:51",0.79221,1,sadiajannah
336,16733998,sharkiss,"2026-08-20 13:33:41",0.79221,2,sharkisslol
337,16863535,Shampol30,"2026-09-12 01:19:04",0.79221,1,shampol30
338,16876000,"Carlos Angel M","2026-09-11 14:39:21",0.79129,1,carlosangelm
339,16879428,"Denis Rodriguez","2026-09-12 05:44:18",0.79098,1,denisrodriguez3232
340,16719782,ujhs_jy,"2026-08-14 06:25:16",0.79068,1,ujhsjy
341,16894319,curious007hi9387983,"2026-09-17 07:40:26",0.79068,1,curious007hi9387983
342,16975301,hhhhhq7,"2026-10-03 15:59:35",0.79068,1,hhhhhq7
343,16653858,"Mahesh Bawane","2026-08-05 17:19:01",0.79037,1,maheshbawane073
344,16728075,"Ritik Simaiya 03","2026-08-16 11:56:58",0.79037,1,ritiksimaiya03
345,16775764,"Anmol Sah","2026-09-02 11:19:27",0.79037,1,anmolsah467577
346,16977188,Meet,"2026-09-28 10:42:02",0.79037,1,meet212
347,16770271,"Sam Personal","2026-08-26 15:30:51",0.78976,4,sampersonal
348,16774950,"Pavel #7","2026-08-26 17:37:45",0.78976,3,bpa0908
349,16811861,"Gabriela Romero","2026-09-03 04:10:19",0.78976,1,gabisa17
350,16991916,liexesssss,"2026-09-30 16:38:24",0.78976,5,liexesssss
351,16700349,"Ayaan Shaikh","2026-08-10 09:56:47",0.78915,1,ayaan9867
352,16870617,"Umar Tabbsum","2026-09-12 04:37:13",0.78915,1,umartabbsum
353,16705227,zhaoyongbo,"2026-08-11 03:26:45",0.78884,1,zhaoyongbo
354,16838834,TianYE114,"2026-09-05 08:35:03",0.78884,2,tianye114
355,16764549,"Prathamesh Abhang","2026-08-24 09:57:24",0.78853,3,prathameshabhang1832
356,16675407,"Ruchirr Lodha","2026-08-08 05:51:41",0.78792,1,ruchirrlodha
357,16765990,"Smit Dilip Gaikwad","2026-08-24 12:32:14",0.78761,1,smitdilipgaikwad
358,16832435,mkielek,"2026-09-14 18:39:26",0.78731,2,mkielek
359,16952666,23012147,"2026-09-24 10:53:41",0.78731,3,jihokor
360,16924772,"Yohannes Woldeyes","2026-09-20 10:10:35",0.78700,1,yohanneswoldeyes
361,16584922,"Sameer Chakravedi","2026-08-15 15:41:04",0.78639,1,sameerchakravedi
362,16757388,"Chris H #2","2026-08-22 06:32:58",0.78608,1,chrishhw
363,16771931,"Ratchana Rajendran","2026-08-29 20:06:06",0.78608,1,ratchanar
364,16781388,"Sofia Lopez Ayerdi","2026-09-12 05:56:21",0.78608,1,sofialopezayerdi
365,16494140,"Piyush Pratap Singh","2026-09-23 13:36:55",0.78577,1,kiyoboy
366,16739890,"NISHAT TAMANNA 2233081050","2026-08-18 21:23:41",0.78516,1,tamanna4018
367,16738421,RATULHASAN1,"2026-08-21 11:21:17",0.78516,1,ratulhasan1
368,17028160,realbluelion17,"2026-10-03 23:51:51",0.78516,2,realbluelion17
369,16771135,"Niveditha Ravichandran","2026-08-25 15:49:55",0.78486,3,nivedithaajan
370,17030301,kahosh,"2026-10-04 11:00:59",0.78486,1,kahosh
371,16844612,"Diya Poojary","2026-09-07 05:00:55",0.78394,1,diyapoojary
372,16742275,"Tabassum Huda Nishat","2026-08-19 11:06:10",0.78363,1,tabassumhudanishat
373,16748052,"ISRAT JAHAN TONNI","2026-08-20 10:45:38",0.78363,1,isratjahantonni359uu
374,17030238,"Kim Geon Woo 1228","2026-10-04 11:00:29",0.78363,1,kimgeonwoo1228
375,16832283,DavitPoghosyan2007,"2026-09-04 22:05:22",0.78240,2,davitpoghosyan2007
0,4157547,"Getting Started Notebook Benchmark","2019-12-20 18:40:34",0.78179,1,
376,16811503,"Naoko Saito","2026-09-03 02:59:58",0.78179,1,naokosaito
377,16624048,JLZK,"2026-08-11 01:38:11",0.78148,4,leeljustin
378,17016424,"Ravijot Sinha","2026-10-01 21:35:04",0.78148,1,ravijotsinha
379,16742984,"Afrin Farjana","2026-08-19 16:00:13",0.78118,1,afrinf
380,16771611,"BAIBHAV KASHYAP","2026-08-26 16:59:38",0.78118,3,baibhavkashyap
381,16827799,"Deltan Lobo","2026-09-04 09:07:02",0.78057,1,deltanlobo
382,16927723,"Kevin Mauricio Vallejos Rocabado","2026-09-22 03:54:31",0.78057,3,kemavaroc
383,16973324,AQARZero,"2026-09-28 16:42:21",0.78057,1,aqarzero
384,17025340,oneskyved,"2026-10-03 10:21:19",0.78057,1,oneskyved
385,16778179,"Munir Nanjee","2026-08-27 04:38:18",0.77719,1,munirnanjee
386,16659617,21F1001504,"2026-08-05 18:10:25",0.77627,1,redhanyak
387,16757684,"Sazid Bayezid","2026-08-25 17:37:26",0.77597,1,sazidbayezid
388,16741124,JinRongQiu,"2026-08-19 05:50:46",0.77382,1,jinrongqiu
389,16764091,"Sandeep Srivastava","2026-08-24 01:35:01",0.77198,1,sandeep1srivastava
390,16904728,"Vladislav Ilyukhin","2026-09-16 12:10:11",0.77106,1,vladislavilyukhin
391,16724006,"HE YIBO TJU","2026-08-17 08:47:20",0.77045,2,heyibotju
392,16768897,"Rahul Vavale","2026-08-26 20:39:53",0.76279,2,rahulvavale
393,16706766,"徐 芳宝","2026-08-12 09:43:21",0.76218,2,xufangbao
394,16886069,棚橋沙弥香,"2026-09-19 02:10:15",0.75973,1,sayakatanahashi
395,16777376,"Babji E. Manohar","2026-08-27 02:49:14",0.75911,1,babjiemanohar
396,16784945,"Loïc Castel","2026-08-28 17:05:10",0.75881,1,loccastel
397,16791185,"Manuk Mkheyan","2026-09-04 17:28:26",0.75881,4,manukmkheyan
398,16832284,"Hoso Badalyan","2026-09-04 17:29:40",0.75574,2,hosobadalyan
399,16803241,"HNU dong","2026-09-20 07:07:22",0.75421,1,hnudong
400,16712455,"Yury Chernyshov","2026-08-13 04:32:38",0.75206,1,yurychernyshov
401,16728687,"HT yin","2026-08-18 07:16:55",0.75053,2,htyin12
402,16743291,"ZIAUL KARIM SIAM 2233081552","2026-08-19 14:45:01",0.74808,1,siam2233081552
403,16850129,KiritanTakechi,"2026-09-07 23:30:50",0.74655,1,kiritantakechi
404,16777075,vinsdeck,"2026-08-26 23:17:04",0.74624,1,vinsdeck
405,16747893,"Rohit Kumar","2026-08-20 13:23:12",0.74410,1,rkrohitkumar
406,16791152,"Lay Zoe","2026-08-31 09:30:38",0.74011,1,layzoe
407,16367625,"Pierre Sutherland","2026-09-29 03:23:23",0.73674,13,pierresutherland
408,16675214,darkitime,"2026-08-06 12:56:10",0.73643,2,darkitime
409,16945948,"Li Xinran_MSU-BIT_ML_2026","2026-09-23 07:56:18",0.72755,1,"lixinran123,ovanespetrosian"
410,16668178,"[Deleted] dca31e71-8326-4839-ad4a-d7222cb0dd01","2026-08-05 17:39:54",0.72693,1,del=1fddcf3ab9d51624
411,16971049,"Michael Liao4545","2026-10-02 09:39:00",0.72540,1,michaelliao4545
412,16775471,"Nargiza Deidieva","2026-08-26 19:13:15",0.72356,2,nargizadna
413,16698776,"Duy Thái2424","2026-10-02 04:11:42",0.72172,6,duythi2424
414,16761914,くまざわ恭介,"2026-08-24 08:31:05",0.71590,2,kyosukee
415,16679082,"Hilmi Kaya","2026-08-07 13:39:28",0.68188,1,hilmikaya01
416,16566776,RAHA,"2026-08-10 16:37:03",0.66748,1,l4r3nn
417,16731292,FaizanMirza11,"2026-08-17 07:42:09",0.61783,1,faizanmirza11
418,16842487,"zhang ruiqi","2026-09-06 08:51:55",0.61048,1,sigarica
419,16789623,"Wahyu Andika Rahadi","2026-08-29 09:07:47",0.57615,1,wahyuandikarahadi
420,16707667,"Joe Cintas","2026-08-11 14:03:13",0.57033,1,joecintas
421,16741206,kano_sang,"2026-08-19 07:24:14",0.57033,1,kanosang
422,16742478,24BAI1588,"2026-08-19 11:29:54",0.57033,1,samhithd24bai1588
423,16744045,"RIFAT HASAN 2233081541","2026-08-19 16:59:55",0.57033,1,rifathasan2233081541
424,16756926,"Big Ben","2026-08-23 10:39:01",0.57033,6,riftya
425,16777750,"Abdullah Javed","2026-08-27 03:44:27",0.57033,1,abdullahjaved1
426,16806393,"Jyoti Chitalkar","2026-09-02 06:26:10",0.57033,1,jyotichitalkar
427,16923838,paomuni,"2026-09-19 06:06:28",0.57033,1,paomuni
428,16854705,"Shair Khan","2026-09-19 20:24:27",0.57033,1,datascikhan
429,16354515,Narek,"2026-09-22 20:58:33",0.57033,2,nbl122
430,16978995,"Md Arafat","2026-10-04 16:04:37",0.57033,3,arafat362
431,17032387,Malcolm,"2026-10-04 17:13:20",0.57033,3,myhlow
432,16884877,deprecated01,"2026-09-13 06:56:58",0.56849,3,deprecated01
433,16793607,"Partha Sarathi","2026-08-31 10:59:03",0.48789,1,parthasarathi35
434,16807207,"Arnav Kadam7777","2026-09-24 19:34:34",0.42966,2,arnavkadam7777
